{ "1001": { "热搜排行": ["新鲜水果", "精选肉类", "小龙虾", "榴莲", "奇异果", "牛排", "牛腩", "虾仁", "苹果"], "热卖品牌": ["展卉水果", "Zespri佳沛", "恒都", "安井", "湾仔码头", "獐子岛", "今锦上小龙虾", "思念", "春雪"], "新鲜水果": ["国产水果", "奇异果", "榴莲", "进口水果", "脐橙", "火龙果", "苹果", "椰青", "车厘子"], "精选肉类": ["猪肉", "大排", "肋排", "牛肉卷", "猪蹄", "牛肉", "牛排", "牛腩", "牛腱", "羊肉"], "海鲜水产": ["进口海鲜", "国产海鲜", "虾类", "白虾", "红虾", "虾仁", "小龙虾", "扇贝", "鱼类", "海鲜礼盒"], "健康禽蛋": ["禽类", "鸡", "鸭", "鸽子", "琵琶腿", "鸡翅", "咸蛋", "鸡蛋"], "速冻冷饮": ["方便", "速食", "手抓饼", "水饺", "煎饺", "包子", "奶酪", "黄油", "冰淇淋", "低温奶"] }, "1002": { "热搜排行": ["啤酒", "葡萄酒", "白酒", "酸奶", "纯牛奶", "儿童奶", "碳酸饮料", "饮用水", "咖啡", "进口冲饮"], "热卖品牌": ["洋河", "五粮液", "茅台", "长城", "爱氏晨曦", "蒙牛", "伊利", "农夫山泉", "怡宝"], "白酒": ["白酒礼盒", "箱装", "浓香型", "酱香型", "清香型", "兼香型", "凤香型"], "葡萄酒": ["红葡萄酒", "白葡萄酒", "进口红葡萄酒", "起泡酒", "有机葡萄酒", "国产葡萄酒"], "啤酒": ["黄啤", "黑啤", "白啤", "进口啤酒", "国产啤酒", "精酿啤酒"], "牛奶乳品": ["纯牛奶", "酸奶", "风味奶", "儿童奶", "鲜奶", "乳酸饮料", "进口牛奶", "进口奶粉"], "饮料饮品": ["碳酸饮料", "茶饮料", "果汁/果蔬汁", "功能饮料", "凉茶", "饮用水", "果味类进口饮料", "进口饮用水"], "冲调茗茶": ["咖啡", "茗茶", "速溶咖啡", "咖啡豆", "蜂蜜", "绿茶", "成人奶粉", "花果茶", "普洱茶"] }, "1003": { "热搜排行": ["大米", "食用油", "面粉", "南北干货", "调味品", "饼干", "进口零食", "薯片", "果冻"], "休闲食品": ["进口食品", "猪肉脯", "薯片/膨化", "鸭脖", "海苔", "牛肉干", "巧克力", "果冻", "果蔬干"], "方便速食": ["八宝粥", "方便面", "杂粮粥", "方便粥", "水果罐头", "方便火锅", "方便粉丝", "罐头", "方便米饭"], "厨房调味": ["酱油", "食醋", "调味料", "料酒", "调味酱", "腐乳", "酱菜", "食糖", "盐", "红糖"], "五谷杂粮": ["杂粮", "杂粮礼盒", "小米", "南瓜粥", "薏仁米", "绿豆", "黑米", "糯米", "黑芝麻", "小米", "黑豆"], "食用油": ["葵花籽油", "玉米油", "茶油", "亚麻籽油", "调和油", "花生油", "大豆油", "菜籽油", "橄榄油"], "坚果蜜饯": ["核桃", "夏威夷果", "松子", "瓜子", "芒果干", "山楂", "蔓越莓", "干栗子", "进口坚果薯/芋头类"], "饼干糕点": ["进口饼干", "饼干", "蛋糕", "面包", "曲奇", "派", "蛋卷", "威化", "肉松饼"], "宠物生活": ["狗粮", "猫粮", "狗罐头", "猫罐头", "宠物零食", "宠物洗护", "猫狗日用", "宠物保健", "猫砂"] }, "1004": { "热搜排行": ["洗衣液", "抽纸", "卷纸", "湿纸巾", "洗洁精", "洗衣粉", "洗手液", "收纳用品", "毛巾", "家居器皿"], "热卖品牌": ["维达", "清风", "蓝月亮", "洁柔", "威露士", "心相印", "金纺", "滴露", "罗莱"], "家庭清洁": ["拖把", "扫帚及扫把头", "垃圾桶", "洗洁精", "消毒液", "洁厕剂", "空气清新剂", "油污清洁", "地板清洁"], "清洁工具": ["一次性用品", "垃圾袋", "保鲜膜", "手套", "拖把", "垃圾桶", "百洁布", "纸杯"], "衣物洗护": ["除菌液", "洗衣粉", "柔顺剂", "洗衣皂", "洗衣液", "衣领净", "漂白剂"], "生活用纸": ["抽纸", "手帕", "纸", "卷纸", "平板纸", "湿巾"], "生活日用": ["收纳箱", "收纳柜", "压缩袋", "收纳用品", "晴雨用具", "口罩", "暖宝宝/暖贴", "日常防护", "衣架/晾晒", "净化除味"], "厨房用具": ["保鲜盒", "茶具", "家居器皿", "保温杯"] }, "1005": { "热搜排行": ["面膜", "洗面奶", "爽肤水", "隔离防晒霜", "气垫", "bb", "彩妆", "口红", "牙刷"], "热卖品牌": ["欧莱雅", "御泥坊", "韩束", "后", "雅诗兰黛", "美迪惠尔", "百雀羚", "苏菲", "七度空间"], "面部护肤": ["面膜", "爽肤水", "洗面奶", "卸妆水", "面霜", "精华", "眼霜", "润唇膏", "护肤套装"], "口腔护理": ["牙膏", "牙刷", "口腔套装", "儿童牙膏", "牙粉", "牙线", "漱口水"], "男士护肤": ["洗面奶", "乳液", "护肤水", "护肤套装", "男士香水", "剃须护理", "洗发水", "沐浴露"], "女性护理": ["日用卫生巾", "夜用卫生巾", "进口卫生巾", "护垫", "卫生巾套装", "迷你卫生巾", "私处洗液"], "彩妆香水": ["隔离", "粉底", "bb/cc霜", "眉笔", "睫毛膏", "唇膏/彩", "香水", "眼影", "腮红"], "洗发水": ["洗发水", "进口洗护", "护发素", "沐浴露", "发膜", "身体乳", "香皂", "脱毛"] }, "1006": { "热搜排行": ["血压计", "体温枪", "阿胶糕", "宁夏枸杞", "纤体", "瘦身", "补肾助阳", "飞机杯"], "热卖品牌": ["汤臣倍健", "养生堂", "中宁枸杞", "百花", "青源堂", "欧姆", "龙鱼跃", "杜蕾斯"], "滋补养生": ["冬虫夏草", "参类", "阿胶膏/阿胶制品", "三七", "枸杞", "灵芝类", "海参制品", "黄芪", "当归", "珍珠粉"], "成人用品": ["避孕套", "情爱玩具", "人体润滑", "测孕试纸", "SM用品", "情趣内衣", "飞机杯", "振动棒"], "隐形眼镜": ["隐形眼镜", "护理液", "日抛", "月抛", "半年抛", "隐形眼镜", "美瞳", "润眼液"], "营养保健": ["膳食纤维", "矿物质", "调节三高", "美容养颜", "补肾强身", "提高免疫", "减肥瘦身"], "医疗器械": ["血压计", "血糖仪", "体温枪", "制氧机", "健康秤", "助听器", "创可贴", "造口袋", "雾化器"], "中西药品": ["感冒", "咳嗽", "妇科药", "健脾益肾", "补气补血", "皮肤科", "维矿物质", "小儿感冒", "小儿胃肠", "风湿", "骨伤"], "医疗服务": ["健康体检", "基因检测"] } }