{ "优惠合集": { "1001": [{ "id": 1001, "title": "优冠（Uguan）牛奶香脆饼干 1000g/盒 休闲零食饼干大礼包", "price": 30.5, "imgsrc": "img/shop/1NBUVvrf9pZTcW5x0bp7iw.jpg" }, { "id": 1001, "title": "优冠（Uguan）牛奶香脆饼干 1000g/盒 休闲零食饼干大礼包", "price": 30.5, "imgsrc": "img/shop/1NBUVvrf9pZTcW5x0bp7iw.jpg" }, { "id": 1001, "title": "优冠（Uguan）牛奶香脆饼干 1000g/盒 休闲零食饼干大礼包", "price": 30.5, "imgsrc": "img/shop/1NBUVvrf9pZTcW5x0bp7iw.jpg" }], "1002": [{ "id": 1002, "title": "福临门 臻选东北大米5kg", "price": 24.5, "imgsrc": "img/shop/eMh5Joa9Mo01GLZlKjqCLQ.jpg" }, { "id": 1002, "title": "福临门 臻选东北大米5kg", "price": 24.5, "imgsrc": "img/shop/eMh5Joa9Mo01GLZlKjqCLQ.jpg" }, { "id": 1002, "title": "福临门 臻选东北大米5kg", "price": 24.5, "imgsrc": "img/shop/eMh5Joa9Mo01GLZlKjqCLQ.jpg" }], "1003": [{ "id": 1003, "title": "伊利 谷粒多 谷物牛奶饮品 红谷牛奶 粗粮牛奶 12*250ml", "price": 50, "imgsrc": "img/shop/jTY6pORpgA8OEc87gckM7A.jpg" }, { "id": 1003, "title": "伊利 谷粒多 谷物牛奶饮品 红谷牛奶 粗粮牛奶 12*250ml", "price": 50, "imgsrc": "img/shop/jTY6pORpgA8OEc87gckM7A.jpg" }, { "id": 1003, "title": "伊利 谷粒多 谷物牛奶饮品 红谷牛奶 粗粮牛奶 12*250ml", "price": 50, "imgsrc": "img/shop/jTY6pORpgA8OEc87gckM7A.jpg" }] }, "优选好物": { "1001": [{ "id": 1001, "title": "优冠（Uguan）牛奶香脆饼干 1000g/盒 休闲零食饼干大礼包", "price": 30.5, "imgsrc": "img/shop/1NBUVvrf9pZTcW5x0bp7iw.jpg" }, { "id": 1001, "title": "优冠（Uguan）牛奶香脆饼干 1000g/盒 休闲零食饼干大礼包", "price": 30.5, "imgsrc": "img/shop/1NBUVvrf9pZTcW5x0bp7iw.jpg" }, { "id": 1001, "title": "优冠（Uguan）牛奶香脆饼干 1000g/盒 休闲零食饼干大礼包", "price": 30.5, "imgsrc": "img/shop/1NBUVvrf9pZTcW5x0bp7iw.jpg" }, { "id": 1001, "title": "优冠（Uguan）牛奶香脆饼干 1000g/盒 休闲零食饼干大礼包", "price": 30.5, "imgsrc": "img/shop/1NBUVvrf9pZTcW5x0bp7iw.jpg" }], "1002": [{ "id": 1002, "title": "福临门 臻选东北大米5kg", "price": 24.5, "imgsrc": "img/shop/eMh5Joa9Mo01GLZlKjqCLQ.jpg" }, { "id": 1002, "title": "福临门 臻选东北大米5kg", "price": 24.5, "imgsrc": "img/shop/eMh5Joa9Mo01GLZlKjqCLQ.jpg" }, { "id": 1002, "title": "福临门 臻选东北大米5kg", "price": 24.5, "imgsrc": "img/shop/eMh5Joa9Mo01GLZlKjqCLQ.jpg" }, { "id": 1002, "title": "福临门 臻选东北大米5kg", "price": 24.5, "imgsrc": "img/shop/eMh5Joa9Mo01GLZlKjqCLQ.jpg" }], "1003": [{ "id": 1003, "title": "伊利 谷粒多 谷物牛奶饮品 红谷牛奶 粗粮牛奶 12*250ml", "price": 50, "imgsrc": "img/shop/jTY6pORpgA8OEc87gckM7A.jpg" }, { "id": 1003, "title": "伊利 谷粒多 谷物牛奶饮品 红谷牛奶 粗粮牛奶 12*250ml", "price": 50, "imgsrc": "img/shop/jTY6pORpgA8OEc87gckM7A.jpg" }, { "id": 1003, "title": "伊利 谷粒多 谷物牛奶饮品 红谷牛奶 粗粮牛奶 12*250ml", "price": 50, "imgsrc": "img/shop/jTY6pORpgA8OEc87gckM7A.jpg" }, { "id": 1003, "title": "伊利 谷粒多 谷物牛奶饮品 红谷牛奶 粗粮牛奶 12*250ml", "price": 50, "imgsrc": "img/shop/jTY6pORpgA8OEc87gckM7A.jpg" }], "1004": [{ "id": 1004, "title": "过气 好气仓鼠 3块一只 10块3只 3只包邮", "price": 10, "imgsrc": "img/shop/57acb30c0ab0ae2a.jpg" }, { "id": 1004, "title": "过气 好气仓鼠 3块一只 10块3只 3只包邮", "price": 50, "imgsrc": "img/shop/57acb30c0ab0ae2a.jpg" }, { "id": 1004, "title": "过气 好气仓鼠 3块一只 10块3只 3只包邮", "price": 50, "imgsrc": "img/shop/57acb30c0ab0ae2a.jpg" }, { "id": 1004, "title": "过气 好气仓鼠 3块一只 10块3只 3只包邮", "price": 50, "imgsrc": "img/shop/57acb30c0ab0ae2a.jpg" }] }, "排行榜": { "1001": [{ "id": 1001, "title": "优冠（Uguan）牛奶香脆饼干 1000g/盒 休闲零食饼干大礼包", "price": 30.5, "imgsrc": "img/shop/1NBUVvrf9pZTcW5x0bp7iw.jpg" }, { "id": 1001, "title": "优冠（Uguan）牛奶香脆饼干 1000g/盒 休闲零食饼干大礼包", "price": 30.5, "imgsrc": "img/shop/1NBUVvrf9pZTcW5x0bp7iw.jpg" }, { "id": 1001, "title": "优冠（Uguan）牛奶香脆饼干 1000g/盒 休闲零食饼干大礼包", "price": 30.5, "imgsrc": "img/shop/1NBUVvrf9pZTcW5x0bp7iw.jpg" }, { "id": 1001, "title": "优冠（Uguan）牛奶香脆饼干 1000g/盒 休闲零食饼干大礼包", "price": 30.5, "imgsrc": "img/shop/1NBUVvrf9pZTcW5x0bp7iw.jpg" }, { "id": 1001, "title": "优冠（Uguan）牛奶香脆饼干 1000g/盒 休闲零食饼干大礼包", "price": 30.5, "imgsrc": "img/shop/1NBUVvrf9pZTcW5x0bp7iw.jpg" }, { "id": 1001, "title": "优冠（Uguan）牛奶香脆饼干 1000g/盒 休闲零食饼干大礼包", "price": 30.5, "imgsrc": "img/shop/1NBUVvrf9pZTcW5x0bp7iw.jpg" }, { "id": 1001, "title": "优冠（Uguan）牛奶香脆饼干 1000g/盒 休闲零食饼干大礼包", "price": 30.5, "imgsrc": "img/shop/1NBUVvrf9pZTcW5x0bp7iw.jpg" }, { "id": 1001, "title": "优冠（Uguan）牛奶香脆饼干 1000g/盒 休闲零食饼干大礼包", "price": 30.5, "imgsrc": "img/shop/1NBUVvrf9pZTcW5x0bp7iw.jpg" }, { "id": 1001, "title": "优冠（Uguan）牛奶香脆饼干 1000g/盒 休闲零食饼干大礼包", "price": 30.5, "imgsrc": "img/shop/1NBUVvrf9pZTcW5x0bp7iw.jpg" }, { "id": 1001, "title": "优冠（Uguan）牛奶香脆饼干 1000g/盒 休闲零食饼干大礼包", "price": 30.5, "imgsrc": "img/shop/1NBUVvrf9pZTcW5x0bp7iw.jpg" }], "1002": [{ "id": 1002, "title": "福临门 臻选东北大米5kg", "price": 24.5, "imgsrc": "img/shop/eMh5Joa9Mo01GLZlKjqCLQ.jpg" }, { "id": 1002, "title": "福临门 臻选东北大米5kg", "price": 24.5, "imgsrc": "img/shop/eMh5Joa9Mo01GLZlKjqCLQ.jpg" }, { "id": 1002, "title": "福临门 臻选东北大米5kg", "price": 24.5, "imgsrc": "img/shop/eMh5Joa9Mo01GLZlKjqCLQ.jpg" }, { "id": 1002, "title": "福临门 臻选东北大米5kg", "price": 24.5, "imgsrc": "img/shop/eMh5Joa9Mo01GLZlKjqCLQ.jpg" }, { "id": 1002, "title": "福临门 臻选东北大米5kg", "price": 24.5, "imgsrc": "img/shop/eMh5Joa9Mo01GLZlKjqCLQ.jpg" }, { "id": 1002, "title": "福临门 臻选东北大米5kg", "price": 24.5, "imgsrc": "img/shop/eMh5Joa9Mo01GLZlKjqCLQ.jpg" }, { "id": 1002, "title": "福临门 臻选东北大米5kg", "price": 24.5, "imgsrc": "img/shop/eMh5Joa9Mo01GLZlKjqCLQ.jpg" }, { "id": 1002, "title": "福临门 臻选东北大米5kg", "price": 24.5, "imgsrc": "img/shop/eMh5Joa9Mo01GLZlKjqCLQ.jpg" }, { "id": 1002, "title": "福临门 臻选东北大米5kg", "price": 24.5, "imgsrc": "img/shop/eMh5Joa9Mo01GLZlKjqCLQ.jpg" }, { "id": 1002, "title": "福临门 臻选东北大米5kg", "price": 24.5, "imgsrc": "img/shop/eMh5Joa9Mo01GLZlKjqCLQ.jpg" }], "1003": [{ "id": 1003, "title": "伊利 谷粒多 谷物牛奶饮品 红谷牛奶 粗粮牛奶 12*250ml", "price": 50, "imgsrc": "img/shop/jTY6pORpgA8OEc87gckM7A.jpg" }, { "id": 1003, "title": "伊利 谷粒多 谷物牛奶饮品 红谷牛奶 粗粮牛奶 12*250ml", "price": 50, "imgsrc": "img/shop/jTY6pORpgA8OEc87gckM7A.jpg" }, { "id": 1003, "title": "伊利 谷粒多 谷物牛奶饮品 红谷牛奶 粗粮牛奶 12*250ml", "price": 50, "imgsrc": "img/shop/jTY6pORpgA8OEc87gckM7A.jpg" }, { "id": 1003, "title": "伊利 谷粒多 谷物牛奶饮品 红谷牛奶 粗粮牛奶 12*250ml", "price": 50, "imgsrc": "img/shop/jTY6pORpgA8OEc87gckM7A.jpg" }, { "id": 1003, "title": "伊利 谷粒多 谷物牛奶饮品 红谷牛奶 粗粮牛奶 12*250ml", "price": 50, "imgsrc": "img/shop/jTY6pORpgA8OEc87gckM7A.jpg" }, { "id": 1003, "title": "伊利 谷粒多 谷物牛奶饮品 红谷牛奶 粗粮牛奶 12*250ml", "price": 50, "imgsrc": "img/shop/jTY6pORpgA8OEc87gckM7A.jpg" }, { "id": 1003, "title": "伊利 谷粒多 谷物牛奶饮品 红谷牛奶 粗粮牛奶 12*250ml", "price": 50, "imgsrc": "img/shop/jTY6pORpgA8OEc87gckM7A.jpg" }, { "id": 1003, "title": "伊利 谷粒多 谷物牛奶饮品 红谷牛奶 粗粮牛奶 12*250ml", "price": 50, "imgsrc": "img/shop/jTY6pORpgA8OEc87gckM7A.jpg" }, { "id": 1003, "title": "伊利 谷粒多 谷物牛奶饮品 红谷牛奶 粗粮牛奶 12*250ml", "price": 50, "imgsrc": "img/shop/jTY6pORpgA8OEc87gckM7A.jpg" }, { "id": 1003, "title": "伊利 谷粒多 谷物牛奶饮品 红谷牛奶 粗粮牛奶 12*250ml", "price": 50, "imgsrc": "img/shop/jTY6pORpgA8OEc87gckM7A.jpg" }], "1004": [{ "id": 1004, "title": "过气 好气仓鼠 3块一只 10块3只 3只包邮", "price": 10, "imgsrc": "img/shop/57acb30c0ab0ae2a.jpg" }, { "id": 1004, "title": "过气 好气仓鼠 3块一只 10块3只 3只包邮", "price": 10, "imgsrc": "img/shop/57acb30c0ab0ae2a.jpg" }, { "id": 1004, "title": "过气 好气仓鼠 3块一只 10块3只 3只包邮", "price": 10, "imgsrc": "img/shop/57acb30c0ab0ae2a.jpg" }, { "id": 1004, "title": "过气 好气仓鼠 3块一只 10块3只 3只包邮", "price": 10, "imgsrc": "img/shop/57acb30c0ab0ae2a.jpg" }, { "id": 1004, "title": "过气 好气仓鼠 3块一只 10块3只 3只包邮", "price": 10, "imgsrc": "img/shop/57acb30c0ab0ae2a.jpg" }, { "id": 1004, "title": "过气 好气仓鼠 3块一只 10块3只 3只包邮", "price": 10, "imgsrc": "img/shop/57acb30c0ab0ae2a.jpg" }, { "id": 1004, "title": "过气 好气仓鼠 3块一只 10块3只 3只包邮", "price": 10, "imgsrc": "img/shop/57acb30c0ab0ae2a.jpg" }, { "id": 1004, "title": "过气 好气仓鼠 3块一只 10块3只 3只包邮", "price": 10, "imgsrc": "img/shop/57acb30c0ab0ae2a.jpg" }, { "id": 1004, "title": "过气 好气仓鼠 3块一只 10块3只 3只包邮", "price": 10, "imgsrc": "img/shop/57acb30c0ab0ae2a.jpg" }, { "id": 1004, "title": "过气 好气仓鼠 3块一只 10块3只 3只包邮", "price": 10, "imgsrc": "img/shop/57acb30c0ab0ae2a.jpg" }], "1005": [{ "id": 1005, "title": "表情团子 比心团子 特价 卖的都是爱心", "price": 15, "imgsrc": "img/shop/biaoqingtuanzi1.jpg" }, { "id": 1005, "title": "表情团子 比心团子 特价 卖的都是爱心", "price": 15, "imgsrc": "img/shop/biaoqingtuanzi1.jpg" }, { "id": 1005, "title": "表情团子 比心团子 特价 卖的都是爱心", "price": 15, "imgsrc": "img/shop/biaoqingtuanzi1.jpg" }, { "id": 1005, "title": "表情团子 比心团子 特价 卖的都是爱心", "price": 15, "imgsrc": "img/shop/biaoqingtuanzi1.jpg" }, { "id": 1005, "title": "表情团子 比心团子 特价 卖的都是爱心", "price": 15, "imgsrc": "img/shop/biaoqingtuanzi1.jpg" }, { "id": 1005, "title": "表情团子 比心团子 特价 卖的都是爱心", "price": 15, "imgsrc": "img/shop/biaoqingtuanzi1.jpg" }, { "id": 1005, "title": "表情团子 比心团子 特价 卖的都是爱心", "price": 15, "imgsrc": "img/shop/biaoqingtuanzi1.jpg" }, { "id": 1005, "title": "表情团子 比心团子 特价 卖的都是爱心", "price": 15, "imgsrc": "img/shop/biaoqingtuanzi1.jpg" }, { "id": 1005, "title": "表情团子 比心团子 特价 卖的都是爱心", "price": 15, "imgsrc": "img/shop/biaoqingtuanzi1.jpg" }, { "id": 1005, "title": "表情团子 比心团子 特价 卖的都是爱心", "price": 15, "imgsrc": "img/shop/biaoqingtuanzi1.jpg" }], "1006": [{ "id": 1006, "title": "表情团子 加油团子 加油加油upup！", "price": 16, "imgsrc": "img/shop/biaoqingtuanzi2.jpg" }, { "id": 1006, "title": "表情团子 加油团子 加油加油upup！", "price": 16, "imgsrc": "img/shop/biaoqingtuanzi2.jpg" }, { "id": 1006, "title": "表情团子 加油团子 加油加油upup！", "price": 16, "imgsrc": "img/shop/biaoqingtuanzi2.jpg" }, { "id": 1006, "title": "表情团子 加油团子 加油加油upup！", "price": 16, "imgsrc": "img/shop/biaoqingtuanzi2.jpg" }, { "id": 1006, "title": "表情团子 加油团子 加油加油upup！", "price": 16, "imgsrc": "img/shop/biaoqingtuanzi2.jpg" }, { "id": 1006, "title": "表情团子 加油团子 加油加油upup！", "price": 16, "imgsrc": "img/shop/biaoqingtuanzi2.jpg" }, { "id": 1006, "title": "表情团子 加油团子 加油加油upup！", "price": 16, "imgsrc": "img/shop/biaoqingtuanzi2.jpg" }, { "id": 1006, "title": "表情团子 加油团子 加油加油upup！", "price": 16, "imgsrc": "img/shop/biaoqingtuanzi2.jpg" }, { "id": 1006, "title": "表情团子 加油团子 加油加油upup！", "price": 16, "imgsrc": "img/shop/biaoqingtuanzi2.jpg" }, { "id": 1006, "title": "表情团子 加油团子 加油加油upup！", "price": 16, "imgsrc": "img/shop/biaoqingtuanzi2.jpg" }], "1007": [{ "id": 1007, "title": "表情团子 害羞团子 别害羞了 去表白吧！", "price": 20, "imgsrc": "img/shop/biaoqingtuanzi3.jpg" }, { "id": 1007, "title": "表情团子 害羞团子 别害羞了 去表白吧！", "price": 20, "imgsrc": "img/shop/biaoqingtuanzi3.jpg" }, { "id": 1007, "title": "表情团子 害羞团子 别害羞了 去表白吧！", "price": 20, "imgsrc": "img/shop/biaoqingtuanzi3.jpg" }, { "id": 1007, "title": "表情团子 害羞团子 别害羞了 去表白吧！", "price": 20, "imgsrc": "img/shop/biaoqingtuanzi3.jpg" }, { "id": 1007, "title": "表情团子 害羞团子 别害羞了 去表白吧！", "price": 20, "imgsrc": "img/shop/biaoqingtuanzi3.jpg" }, { "id": 1007, "title": "表情团子 害羞团子 别害羞了 去表白吧！", "price": 20, "imgsrc": "img/shop/biaoqingtuanzi3.jpg" }, { "id": 1007, "title": "表情团子 害羞团子 别害羞了 去表白吧！", "price": 20, "imgsrc": "img/shop/biaoqingtuanzi3.jpg" }, { "id": 1007, "title": "表情团子 害羞团子 别害羞了 去表白吧！", "price": 20, "imgsrc": "img/shop/biaoqingtuanzi3.jpg" }, { "id": 1007, "title": "表情团子 害羞团子 别害羞了 去表白吧！", "price": 20, "imgsrc": "img/shop/biaoqingtuanzi3.jpg" }, { "id": 1007, "title": "表情团子 害羞团子 别害羞了 去表白吧！", "price": 20, "imgsrc": "img/shop/biaoqingtuanzi3.jpg" }], "1008": [{ "id": 1008, "title": "表情团子 惬意团子 没有梦想 过得特爽！", "price": 18, "imgsrc": "img/shop/biaoqingtuanzi4.jpg" }, { "id": 1008, "title": "表情团子 惬意团子 没有梦想 过得特爽！", "price": 18, "imgsrc": "img/shop/biaoqingtuanzi4.jpg" }, { "id": 1008, "title": "表情团子 惬意团子 没有梦想 过得特爽！", "price": 18, "imgsrc": "img/shop/biaoqingtuanzi4.jpg" }, { "id": 1008, "title": "表情团子 惬意团子 没有梦想 过得特爽！", "price": 18, "imgsrc": "img/shop/biaoqingtuanzi4.jpg" }, { "id": 1008, "title": "表情团子 惬意团子 没有梦想 过得特爽！", "price": 18, "imgsrc": "img/shop/biaoqingtuanzi4.jpg" }, { "id": 1008, "title": "表情团子 惬意团子 没有梦想 过得特爽！", "price": 18, "imgsrc": "img/shop/biaoqingtuanzi4.jpg" }, { "id": 1008, "title": "表情团子 惬意团子 没有梦想 过得特爽！", "price": 18, "imgsrc": "img/shop/biaoqingtuanzi4.jpg" }, { "id": 1008, "title": "表情团子 惬意团子 没有梦想 过得特爽！", "price": 18, "imgsrc": "img/shop/biaoqingtuanzi4.jpg" }, { "id": 1008, "title": "表情团子 惬意团子 没有梦想 过得特爽！", "price": 18, "imgsrc": "img/shop/biaoqingtuanzi4.jpg" }, { "id": 1008, "title": "表情团子 惬意团子 没有梦想 过得特爽！", "price": 18, "imgsrc": "img/shop/biaoqingtuanzi4.jpg" }], "1009": [{ "id": 1009, "title": "表情团子 哀伤团子 抱抱 带你吃大餐去", "price": 19, "imgsrc": "img/shop/biaoqingtuanzi5.jpg" }, { "id": 1009, "title": "表情团子 哀伤团子 抱抱 带你吃大餐去", "price": 19, "imgsrc": "img/shop/biaoqingtuanzi5.jpg" }, { "id": 1009, "title": "表情团子 哀伤团子 抱抱 带你吃大餐去", "price": 19, "imgsrc": "img/shop/biaoqingtuanzi5.jpg" }, { "id": 1009, "title": "表情团子 哀伤团子 抱抱 带你吃大餐去", "price": 19, "imgsrc": "img/shop/biaoqingtuanzi5.jpg" }, { "id": 1009, "title": "表情团子 哀伤团子 抱抱 带你吃大餐去", "price": 19, "imgsrc": "img/shop/biaoqingtuanzi5.jpg" }, { "id": 1009, "title": "表情团子 哀伤团子 抱抱 带你吃大餐去", "price": 19, "imgsrc": "img/shop/biaoqingtuanzi5.jpg" }, { "id": 1009, "title": "表情团子 哀伤团子 抱抱 带你吃大餐去", "price": 19, "imgsrc": "img/shop/biaoqingtuanzi5.jpg" }, { "id": 1009, "title": "表情团子 哀伤团子 抱抱 带你吃大餐去", "price": 19, "imgsrc": "img/shop/biaoqingtuanzi5.jpg" }, { "id": 1009, "title": "表情团子 哀伤团子 抱抱 带你吃大餐去", "price": 19, "imgsrc": "img/shop/biaoqingtuanzi5.jpg" }, { "id": 1009, "title": "表情团子 哀伤团子 抱抱 带你吃大餐去", "price": 19, "imgsrc": "img/shop/biaoqingtuanzi5.jpg" }], "1010": [{ "id": 1010, "title": "表情团子 烦躁团子 昨天不是起过床了嘛", "price": 17, "imgsrc": "img/shop/biaoqingtuanzi6.jpg" }, { "id": 1010, "title": "表情团子 烦躁团子 昨天不是起过床了嘛", "price": 17, "imgsrc": "img/shop/biaoqingtuanzi6.jpg" }, { "id": 1010, "title": "表情团子 烦躁团子 昨天不是起过床了嘛", "price": 17, "imgsrc": "img/shop/biaoqingtuanzi6.jpg" }, { "id": 1010, "title": "表情团子 烦躁团子 昨天不是起过床了嘛", "price": 17, "imgsrc": "img/shop/biaoqingtuanzi6.jpg" }, { "id": 1010, "title": "表情团子 烦躁团子 昨天不是起过床了嘛", "price": 17, "imgsrc": "img/shop/biaoqingtuanzi6.jpg" }, { "id": 1010, "title": "表情团子 烦躁团子 昨天不是起过床了嘛", "price": 17, "imgsrc": "img/shop/biaoqingtuanzi6.jpg" }, { "id": 1010, "title": "表情团子 烦躁团子 昨天不是起过床了嘛", "price": 17, "imgsrc": "img/shop/biaoqingtuanzi6.jpg" }, { "id": 1010, "title": "表情团子 烦躁团子 昨天不是起过床了嘛", "price": 17, "imgsrc": "img/shop/biaoqingtuanzi6.jpg" }, { "id": 1010, "title": "表情团子 烦躁团子 昨天不是起过床了嘛", "price": 17, "imgsrc": "img/shop/biaoqingtuanzi6.jpg" }, { "id": 1010, "title": "表情团子 烦躁团子 昨天不是起过床了嘛", "price": 17, "imgsrc": "img/shop/biaoqingtuanzi6.jpg" }], "1011": [{ "id": 1011, "title": "表情团子 哭泣团子 看你哭 我也很难过", "price": 16, "imgsrc": "img/shop/biaoqingtuanzi7.jpg" }, { "id": 1011, "title": "表情团子 哭泣团子 看你哭 我也很难过", "price": 16, "imgsrc": "img/shop/biaoqingtuanzi7.jpg" }, { "id": 1011, "title": "表情团子 哭泣团子 看你哭 我也很难过", "price": 16, "imgsrc": "img/shop/biaoqingtuanzi7.jpg" }, { "id": 1011, "title": "表情团子 哭泣团子 看你哭 我也很难过", "price": 16, "imgsrc": "img/shop/biaoqingtuanzi7.jpg" }, { "id": 1011, "title": "表情团子 哭泣团子 看你哭 我也很难过", "price": 16, "imgsrc": "img/shop/biaoqingtuanzi7.jpg" }, { "id": 1011, "title": "表情团子 哭泣团子 看你哭 我也很难过", "price": 16, "imgsrc": "img/shop/biaoqingtuanzi7.jpg" }, { "id": 1011, "title": "表情团子 哭泣团子 看你哭 我也很难过", "price": 16, "imgsrc": "img/shop/biaoqingtuanzi7.jpg" }, { "id": 1011, "title": "表情团子 哭泣团子 看你哭 我也很难过", "price": 16, "imgsrc": "img/shop/biaoqingtuanzi7.jpg" }, { "id": 1011, "title": "表情团子 哭泣团子 看你哭 我也很难过", "price": 16, "imgsrc": "img/shop/biaoqingtuanzi7.jpg" }, { "id": 1011, "title": "表情团子 哭泣团子 看你哭 我也很难过", "price": 16, "imgsrc": "img/shop/biaoqingtuanzi7.jpg" }], "1012": [{ "id": 1012, "title": "表情团子 吐彩虹团子 吃坏肚子了 呕~", "price": 14, "imgsrc": "img/shop/biaoqingtuanzi8.jpg" }, { "id": 1012, "title": "表情团子 吐彩虹团子 吃坏肚子了 呕~", "price": 14, "imgsrc": "img/shop/biaoqingtuanzi8.jpg" }, { "id": 1012, "title": "表情团子 吐彩虹团子 吃坏肚子了 呕~", "price": 14, "imgsrc": "img/shop/biaoqingtuanzi8.jpg" }, { "id": 1012, "title": "表情团子 吐彩虹团子 吃坏肚子了 呕~", "price": 14, "imgsrc": "img/shop/biaoqingtuanzi8.jpg" }, { "id": 1012, "title": "表情团子 吐彩虹团子 吃坏肚子了 呕~", "price": 14, "imgsrc": "img/shop/biaoqingtuanzi8.jpg" }, { "id": 1012, "title": "表情团子 吐彩虹团子 吃坏肚子了 呕~", "price": 14, "imgsrc": "img/shop/biaoqingtuanzi8.jpg" }, { "id": 1012, "title": "表情团子 吐彩虹团子 吃坏肚子了 呕~", "price": 14, "imgsrc": "img/shop/biaoqingtuanzi8.jpg" }, { "id": 1012, "title": "表情团子 吐彩虹团子 吃坏肚子了 呕~", "price": 14, "imgsrc": "img/shop/biaoqingtuanzi8.jpg" }, { "id": 1012, "title": "表情团子 吐彩虹团子 吃坏肚子了 呕~", "price": 14, "imgsrc": "img/shop/biaoqingtuanzi8.jpg" }, { "id": 1012, "title": "表情团子 吐彩虹团子 吃坏肚子了 呕~", "price": 14, "imgsrc": "img/shop/biaoqingtuanzi8.jpg" }] }, "producelist": [{ "title": "苏宁生鲜", "imgsrc1": "https://image1.suning.cn/uimg/cms/img/155410247321463237.png", "imgsrc2": "https://image5.suning.cn/uimg/cms/img/156897074614522135.png", "sp": ["新鲜水果", "精品肉类", "安心蛋类", "速食饮品"], "list": [1001, 1001, 1001, 1001, 1001, 1001, 1001, 1001] }, { "title": " 休闲零食", "imgsrc1": "https://image1.suning.cn/uimg/cms/img/155410247321463237.png", "imgsrc2": "https://image4.suning.cn/uimg/cms/img/156982441120875743.jpg", "sp": ["休闲食品", "坚果蜜饯", "饼干糕点", "糖果巧克力", "膨化食品", "卤味小食"], "list": [1002, 1002, 1002, 1002, 1002, 1002, 1002, 1002] }, { "title": " 苏宁好酒", "imgsrc1": "https://image1.suning.cn/uimg/cms/img/155410247321463237.png", "imgsrc2": "https://image1.suning.cn/uimg/cms/img/156496969210611667.jpg", "sp": ["白酒佳酿", "劲爽啤酒", "葡萄美酒", "黄酒米酒", "养生酒", "进口酒"], "list": [1003, 1003, 1003, 1003, 1003, 1003, 1003, 1003] }, { "title": " 乳制品", "imgsrc1": "https://image1.suning.cn/uimg/cms/img/155410247321463237.png", "imgsrc2": "https://image5.suning.cn/uimg/cms/img/156796276433020687.png", "sp": ["常温酸奶", "纯牛奶", "风味奶", "全脂牛奶", "脱脂牛奶", "进口牛奶"], "list": [1004, 1004, 1004, 1004, 1004, 1004, 1004, 1004] }, { "title": " 水饮冲调", "imgsrc1": "https://image1.suning.cn/uimg/cms/img/155410247321463237.png", "imgsrc2": "https://image4.suning.cn/uimg/cms/img/155705422751449753.jpg", "sp": ["纯净水", "碳酸饮料", "矿泉水", "咖啡饮品", "麦片谷物", "蜂蜜"], "list": [1005, 1005, 1005, 1005, 1005, 1005, 1005, 1005] }, { "title": " 米面粮油", "imgsrc1": "https://image1.suning.cn/uimg/cms/img/155410247321463237.png", "imgsrc2": "https://image3.suning.cn/uimg/cms/img/156937432680482382.jpg", "sp": ["食用油", "品质大米", "方便速食", "面粉米粉", "厨房调味", "南北干货"], "list": [1006, 1006, 1006, 1006, 1006, 1006, 1006, 1006] }, { "title": " 美妆护肤", "imgsrc1": "https://image1.suning.cn/uimg/cms/img/155410247321463237.png", "imgsrc2": "https://image5.suning.cn/uimg/cms/img/156989564277646282.jpg", "sp": ["洁面乳", "爽肤水", "乳液", "面膜", "口红", "护肤套装"], "list": [1007, 1007, 1007, 1007, 1007, 1007, 1007, 1007] }, { "title": " 个人护理", "imgsrc1": "https://image1.suning.cn/uimg/cms/img/155410247321463237.png", "imgsrc2": "https://image5.suning.cn/uimg/cms/img/155316027626275412.jpg", "sp": ["洗发水", "卫生棉", "口腔护理", "沐浴露", "洗护套装", "身体乳"], "list": [1008, 1008, 1008, 1008, 1008, 1008, 1008, 1008] }, { "title": " 纸品清洁", "imgsrc1": "https://image1.suning.cn/uimg/cms/img/155410247321463237.png", "imgsrc2": "https://image5.suning.cn/uimg/cms/img/156257950962230716.jpg", "sp": ["洗衣液", "抽纸", "卷纸", "洗洁精", "收纳", "暖宝宝"], "list": [1009, 1009, 1009, 1009, 1009, 1009, 1009, 1009] }, { "title": " 医药保健", "imgsrc1": "https://image1.suning.cn/uimg/cms/img/155410247321463237.png", "imgsrc2": "https://image2.suning.cn/uimg/cms/img/156878785072224072.jpg", "sp": ["避孕套", "血压计", "血糖仪", "善存", "swisse", "汤臣倍健"], "list": [1010, 1010, 1010, 1010, 1010, 1010, 1010, 1010] }] }