{ "1001": { "id": 1001, "title": "优冠（Uguan）牛奶香脆饼干 1000g/盒 休闲零食饼干大礼包", "price": 30.5, "imgsrc": "img/shop/1NBUVvrf9pZTcW5x0bp7iw.jpg" }, "1002": { "id": 1002, "title": "福临门 臻选东北大米5kg", "price": 24.5, "imgsrc": "img/shop/eMh5Joa9Mo01GLZlKjqCLQ.jpg" }, "1003": { "id": 1003, "title": "伊利 谷粒多 谷物牛奶饮品 红谷牛奶 粗粮牛奶 12*250ml", "price": 50, "imgsrc": "img/shop/jTY6pORpgA8OEc87gckM7A.jpg" }, "1004": { "id": 1004, "title": "过气 好气仓鼠 3块一只 10块3只 3只包邮", "price": 50, "imgsrc": "img/shop/57acb30c0ab0ae2a.jpg" }, "1005": { "id": 1005, "title": "表情团子 比心团子 特价 卖的都是爱心", "price": 15, "imgsrc": "img/shop/biaoqingtuanzi1.jpg" }, "1006": { "id": 1006, "title": "表情团子 加油团子 加油加油upup！", "price": 16, "imgsrc": "img/shop/biaoqingtuanzi2.jpg" }, "1007": { "id": 1007, "title": "表情团子 害羞团子 别害羞了 去表白吧！", "price": 20, "imgsrc": "img/shop/biaoqingtuanzi3.jpg" }, "1008": { "id": 1008, "title": "表情团子 惬意团子 没有梦想 过得特爽！", "price": 18, "imgsrc": "img/shop/biaoqingtuanzi4.jpg" }, "1009": { "id": 1009, "title": "表情团子 哀伤团子 抱抱 带你吃大餐去", "price": 19, "imgsrc": "img/shop/biaoqingtuanzi5.jpg" }, "1010": { "id": 1010, "title": "表情团子 烦躁团子 昨天不是起过床了嘛", "price": 17, "imgsrc": "img/shop/biaoqingtuanzi6.jpg" }, "1011": { "id": 1011, "title": "表情团子 哭泣团子 看你哭 我也很难过", "price": 16, "imgsrc": "img/shop/biaoqingtuanzi7.jpg" }, "1012": { "id": 1012, "title": "表情团子 吐彩虹团子 吃坏肚子了 呕~", "price": 14, "imgsrc": "img/shop/biaoqingtuanzi8.jpg" }, "1013": { "id": 1013, "title": "表情团子 欢喜团子 好漂亮 好喜欢啊~", "price": 16, "imgsrc": "img/shop/biaoqingtuanzi9.jpg" }, "1014": { "id": 1014, "title": "表情团子 睡觉团子 人类的本质就是睡觉！", "price": 16, "imgsrc": "img/shop/biaoqingtuanzi10.jpg" }, "1015": { "id": 1015, "title": "表情团子 生气团子 团子很生气 后果很严重！", "price": 18, "imgsrc": "img/shop/biaoqingtuanzi11.jpg" }, "1016": { "id": 1016, "title": "表情团子 乖巧团子 嗯嗯嗯 好的", "price": 17, "imgsrc": "img/shop/biaoqingtuanzi12.jpg" }, "1017": { "id": 1017, "title": "表情团子 疑问团子 嗯？ 发生了什么", "price": 16, "imgsrc": "img/shop/biaoqingtuanzi13.jpg" }, "1018": { "id": 1018, "title": "表情团子 撒娇团子 我我我 选我！", "price": 18, "imgsrc": "img/shop/biaoqingtuanzi14.jpg" }, "1019": { "id": 1019, "title": "表情团子 大哭团子 我的鸡腿掉地上了 啊啊啊", "price": 20, "imgsrc": "img/shop/biaoqingtuanzi15.jpg" }, "1020": { "id": 1020, "title": "表情团子 炸毛团子 啊啊啊 你在干什么啊!!!", "price": 15, "imgsrc": "img/shop/biaoqingtuanzi16.jpg" }, "1021": { "id": 1021, "title": "表情团子 可爱团子 我是最可爱的~", "price": 21, "imgsrc": "img/shop/biaoqingtuanzi17.jpg" }, "1022": { "id": 1022, "title": "表情团子 调皮团子 尝试勾引~", "price": 15, "imgsrc": "img/shop/biaoqingtuanzi18.jpg" }, "1023": { "id": 1023, "title": "表情团子 无奈团子 崽 阿妈对你很失望", "price": 18, "imgsrc": "img/shop/biaoqingtuanzi19.jpg" }, "1024": { "id": 1024, "title": "表情团子 午睡团子 午睡好舒服啊~", "price": 16, "imgsrc": "img/shop/biaoqingtuanzi20.jpg" } }