{
    "user": [{
            "id": "test",
            "password": "test123456",
            "email": "test1@test.com"
        },
        {
            "id": "test1",
            "password": "test123456",
            "email": "test1@test.com"
        },
        {
            "id": "test2",
            "password": "test123456",
            "email": "test3@test.com"
        }
    ],
    "proList": [{
            "data": "{\"1001\":12,\"1002\":4,\"1011\":2}",
            "id": "test"
        },
        {
            "id": "test1",
            "data": "{\"1005\":4,\"1004\":4}"
        },
        {
            "id": "test2",
            "data": "{\"1003\":6}"
        }
    ]
}